Rank,Desenvolvedor,Comunidade,Bridging Strength,Comunidades Conectadas,PageRank
1,DavidsonGomes,3,17.105263,25,0.000070
2,dpaes,8,8.750000,14,0.000070
3,gkp1,26,6.206897,10,0.001323
4,TiagoGouvea,10,6.160000,11,0.000333
5,MattCarneiro,10,5.400000,9,0.000282
6,sluy,14,5.333333,8,0.000671
7,natanlopes01,5,5.000000,8,0.000654
8,sourcery-ai[bot],4,4.704918,14,0.000070
9,ddavid-almeida,4,4.666667,7,0.000189
10,VRAutomatize,18,4.666667,14,0.011141
